{"cameraMode":{"drawMode":0,"name":"Shaded","section":"Shading Mode"},"sceneLighting":true,"audioPlay":false,"sceneViewState":{"showFog":false,"showMaterialUpdate":false,"showSkybox":true,"showFlares":true,"showImageEffects":true,"showParticleSystems":true},"in2DMode":false,"pivot":{"x":-23.67213249206543,"y":1.4051182270050049,"z":-6.150737285614014},"rotation":{"x":-0.00861426256597042,"y":0.7142329812049866,"z":-0.008793302811682225,"w":-0.6998102068901062},"size":10.302755355834961,"orthographic":false}