{"cameraMode":{"drawMode":0,"name":"Shaded","section":"Shading Mode"},"sceneLighting":false,"audioPlay":false,"sceneViewState":{"showFog":false,"showMaterialUpdate":false,"showSkybox":false,"showFlares":true,"showImageEffects":true,"showParticleSystems":true},"in2DMode":false,"pivot":{"x":0.17200005054473878,"y":0.47189241647720339,"z":-0.029285788536071779},"rotation":{"x":-0.10651715099811554,"y":0.040851395577192309,"z":-0.004379848949611187,"w":-0.99346524477005},"size":4.5984907150268559,"orthographic":false}