{"cameraMode":{"drawMode":0,"name":"Shaded","section":"Shading Mode"},"sceneLighting":true,"audioPlay":false,"sceneViewState":{"showFog":false,"showMaterialUpdate":false,"showSkybox":true,"showFlares":true,"showImageEffects":true,"showParticleSystems":true},"in2DMode":false,"pivot":{"x":-6.279999732971191,"y":1.8200000524520875,"z":-5.769999980926514},"rotation":{"x":0.17069010436534882,"y":-0.11909053474664688,"z":0.020819522440433503,"w":0.9779047966003418},"size":775.998046875,"orthographic":false}