{"cameraMode":{"drawMode":0,"name":"Shaded","section":"Shading Mode"},"sceneLighting":true,"audioPlay":false,"sceneViewState":{"showFog":false,"showMaterialUpdate":false,"showSkybox":true,"showFlares":true,"showImageEffects":true,"showParticleSystems":true},"in2DMode":false,"pivot":{"x":2.0179519653320314,"y":1.0785551071166993,"z":1.5119943618774415},"rotation":{"x":-0.06664473563432694,"y":-0.27128297090530398,"z":0.018832698464393617,"w":-0.9600083827972412},"size":9.49208927154541,"orthographic":false}