{"cameraMode":{"drawMode":0,"name":"Shaded","section":"Shading Mode"},"sceneLighting":true,"audioPlay":false,"sceneViewState":{"showFog":false,"showMaterialUpdate":false,"showSkybox":true,"showFlares":true,"showImageEffects":true,"showParticleSystems":true},"in2DMode":false,"pivot":{"x":-37.86152267456055,"y":-2.5351064205169679,"z":-35.26607131958008},"rotation":{"x":0.01809856854379177,"y":-0.9155582785606384,"z":0.04152216389775276,"w":0.3996811509132385},"size":23.221195220947267,"orthographic":false}